device_name,total_time_h
Luz quarto,0.31917271527777774
Luz sala,0.0054421677777777774
